 -- 将base_department表中PARENT_ID字段类型修改为VARCHAR(36)
-- ALTER TABLE base_department MODIFY COLUMN PARENT_ID VARCHAR(36) COMMENT '上级部门代码';

 -- 地图上停车点图标配置表
insert into `app_park_mapicon` (`ID`, `ZOOM_MIN`, `ZOOM_MAX`, `COUNT_MIN`, `COUNT_MAX`, `PARK_POINT_ICON`, `PARK_LOT_ICON`, `SUBS_PARK_LOT_ICON`, `BUSY_PARK_POINT_ICON`, `BUSY_PARK_LOT_ICON`, `BUSY_SUBS_PARK_LOT_ICON`, `STATIC_PARK_LOT_ICON`, `CREATE_TIME`) values('10635204-0b8b-11e6-9337-3417ebe03fc9','3','10','61','300000','P_ic_park_point_green','P_ic_park_point_green','P_ic_park_point_green','P_ic_park_point_red','P_ic_park_point_red','P_ic_park_point_red','P_ic_park_point_green','2016-04-26 16:44:18');
insert into `app_park_mapicon` (`ID`, `ZOOM_MIN`, `ZOOM_MAX`, `COUNT_MIN`, `COUNT_MAX`, `PARK_POINT_ICON`, `PARK_LOT_ICON`, `SUBS_PARK_LOT_ICON`, `BUSY_PARK_POINT_ICON`, `BUSY_PARK_LOT_ICON`, `BUSY_SUBS_PARK_LOT_ICON`, `STATIC_PARK_LOT_ICON`, `CREATE_TIME`) values('12a275c4-0b8a-11e6-9337-3417ebe03fc9','16','22','36','75','M_ic_park_point_green','M_ic_park_lot_green','M_ic_park_lot_green','M_ic_park_point_red','M_ic_park_lot_red','M_ic_park_lot_red','M_ic_park_lot_green','2016-04-26 16:37:12');
insert into `app_park_mapicon` (`ID`, `ZOOM_MIN`, `ZOOM_MAX`, `COUNT_MIN`, `COUNT_MAX`, `PARK_POINT_ICON`, `PARK_LOT_ICON`, `SUBS_PARK_LOT_ICON`, `BUSY_PARK_POINT_ICON`, `BUSY_PARK_LOT_ICON`, `BUSY_SUBS_PARK_LOT_ICON`, `STATIC_PARK_LOT_ICON`, `CREATE_TIME`) values('2c953674-0b8a-11e6-9337-3417ebe03fc9','16','22','76','150','S_ic_park_point_green','S_ic_park_lot_green','S_ic_park_lot_green','S_ic_park_point_red','S_ic_park_lot_red','S_ic_park_lot_red','S_ic_park_lot_green','2016-04-26 16:37:56');
insert into `app_park_mapicon` (`ID`, `ZOOM_MIN`, `ZOOM_MAX`, `COUNT_MIN`, `COUNT_MAX`, `PARK_POINT_ICON`, `PARK_LOT_ICON`, `SUBS_PARK_LOT_ICON`, `BUSY_PARK_POINT_ICON`, `BUSY_PARK_LOT_ICON`, `BUSY_SUBS_PARK_LOT_ICON`, `STATIC_PARK_LOT_ICON`, `CREATE_TIME`) values('4bf786ac-0b8a-11e6-9337-3417ebe03fc9','16','22','151','300000','P_ic_park_point_green','P_ic_park_point_green','P_ic_park_point_green','P_ic_park_point_red','P_ic_park_point_red','P_ic_park_point_red','P_ic_park_point_green','2016-04-26 16:38:48');
insert into `app_park_mapicon` (`ID`, `ZOOM_MIN`, `ZOOM_MAX`, `COUNT_MIN`, `COUNT_MAX`, `PARK_POINT_ICON`, `PARK_LOT_ICON`, `SUBS_PARK_LOT_ICON`, `BUSY_PARK_POINT_ICON`, `BUSY_PARK_LOT_ICON`, `BUSY_SUBS_PARK_LOT_ICON`, `STATIC_PARK_LOT_ICON`, `CREATE_TIME`) values('6d4ae8bd-0b8a-11e6-9337-3417ebe03fc9','10','16','1','20','L_ic_park_point_green','L_ic_park_lot_green','L_ic_park_lot_green','L_ic_park_point_red','L_ic_park_lot_red','L_ic_park_lot_red','L_ic_park_lot_green','2016-04-26 16:39:44');
insert into `app_park_mapicon` (`ID`, `ZOOM_MIN`, `ZOOM_MAX`, `COUNT_MIN`, `COUNT_MAX`, `PARK_POINT_ICON`, `PARK_LOT_ICON`, `SUBS_PARK_LOT_ICON`, `BUSY_PARK_POINT_ICON`, `BUSY_PARK_LOT_ICON`, `BUSY_SUBS_PARK_LOT_ICON`, `STATIC_PARK_LOT_ICON`, `CREATE_TIME`) values('8651fb41-0b8a-11e6-9337-3417ebe03fc9','10','16','21','60','M_ic_park_point_green','M_ic_park_lot_green','M_ic_park_lot_green','M_ic_park_point_red','M_ic_park_lot_red','M_ic_park_lot_red','M_ic_park_lot_green','2016-04-26 16:40:26');
insert into `app_park_mapicon` (`ID`, `ZOOM_MIN`, `ZOOM_MAX`, `COUNT_MIN`, `COUNT_MAX`, `PARK_POINT_ICON`, `PARK_LOT_ICON`, `SUBS_PARK_LOT_ICON`, `BUSY_PARK_POINT_ICON`, `BUSY_PARK_LOT_ICON`, `BUSY_SUBS_PARK_LOT_ICON`, `STATIC_PARK_LOT_ICON`, `CREATE_TIME`) values('a2e91791-0b8a-11e6-9337-3417ebe03fc9','10','16','61','150','S_ic_park_point_green','S_ic_park_lot_green','S_ic_park_lot_green','S_ic_park_point_red','S_ic_park_lot_red','S_ic_park_lot_red','S_ic_park_lot_green','2016-04-26 16:41:14');
insert into `app_park_mapicon` (`ID`, `ZOOM_MIN`, `ZOOM_MAX`, `COUNT_MIN`, `COUNT_MAX`, `PARK_POINT_ICON`, `PARK_LOT_ICON`, `SUBS_PARK_LOT_ICON`, `BUSY_PARK_POINT_ICON`, `BUSY_PARK_LOT_ICON`, `BUSY_SUBS_PARK_LOT_ICON`, `STATIC_PARK_LOT_ICON`, `CREATE_TIME`) values('beb9fc8c-0b8a-11e6-9337-3417ebe03fc9','10','16','151','300000','P_ic_park_point_green','P_ic_park_point_green','P_ic_park_point_green','P_ic_park_point_red','P_ic_park_point_red','P_ic_park_point_red','P_ic_park_point_green','2016-04-26 16:42:01');
insert into `app_park_mapicon` (`ID`, `ZOOM_MIN`, `ZOOM_MAX`, `COUNT_MIN`, `COUNT_MAX`, `PARK_POINT_ICON`, `PARK_LOT_ICON`, `SUBS_PARK_LOT_ICON`, `BUSY_PARK_POINT_ICON`, `BUSY_PARK_LOT_ICON`, `BUSY_SUBS_PARK_LOT_ICON`, `STATIC_PARK_LOT_ICON`, `CREATE_TIME`) values('d71ea12a-0b8a-11e6-9337-3417ebe03fc9','3','10','1','10','M_ic_park_point_green','M_ic_park_lot_green','M_ic_park_lot_green','M_ic_park_point_red','M_ic_park_lot_red','M_ic_park_lot_red','M_ic_park_lot_green','2016-04-26 16:42:42');
insert into `app_park_mapicon` (`ID`, `ZOOM_MIN`, `ZOOM_MAX`, `COUNT_MIN`, `COUNT_MAX`, `PARK_POINT_ICON`, `PARK_LOT_ICON`, `SUBS_PARK_LOT_ICON`, `BUSY_PARK_POINT_ICON`, `BUSY_PARK_LOT_ICON`, `BUSY_SUBS_PARK_LOT_ICON`, `STATIC_PARK_LOT_ICON`, `CREATE_TIME`) values('f5c0c62c-0b89-11e6-9337-3417ebe03fc9','16','22','1','35','L_ic_park_point_green','L_ic_park_lot_green','L_ic_park_lot_green','L_ic_park_point_red','L_ic_park_lot_red','L_ic_park_lot_red','L_ic_park_lot_green','2016-04-26 16:36:24');
insert into `app_park_mapicon` (`ID`, `ZOOM_MIN`, `ZOOM_MAX`, `COUNT_MIN`, `COUNT_MAX`, `PARK_POINT_ICON`, `PARK_LOT_ICON`, `SUBS_PARK_LOT_ICON`, `BUSY_PARK_POINT_ICON`, `BUSY_PARK_LOT_ICON`, `BUSY_SUBS_PARK_LOT_ICON`, `STATIC_PARK_LOT_ICON`, `CREATE_TIME`) values('f64c1265-0b8a-11e6-9337-3417ebe03fc9','3','10','11','60','S_ic_park_point_green','S_ic_park_lot_green','S_ic_park_lot_green','S_ic_park_point_red','S_ic_park_lot_red','S_ic_park_lot_red','S_ic_park_lot_green','2016-04-26 16:43:34');

--app_process_conf表数据
insert into `app_process_conf` (`ID`, `ROLE_ID`, `PROCESS_ROLE_ID`, `BUSI_TYPE`, `BUSI_PROCESS_ID`, `BUSI_PROCESS_NAME`, `CREATED_BY`, `CREATE_TIME`) values('1ad0775e-06cc-11e6-9337-3417ebe03fc9','e18cc3b2-0619-11e6-9337-3417ebe03fc9','154c2b02-061a-11e6-9337-3417ebe03fc9','1','10','区域客服-区域客服经理','admin','2016-04-19 19:08:34');
insert into `app_process_conf` (`ID`, `ROLE_ID`, `PROCESS_ROLE_ID`, `BUSI_TYPE`, `BUSI_PROCESS_ID`, `BUSI_PROCESS_NAME`, `CREATED_BY`, `CREATE_TIME`) values('221e67e6-061f-11e6-9337-3417ebe03fc9','154c2b02-061a-11e6-9337-3417ebe03fc9','e18cc3b2-0619-11e6-9337-3417ebe03fc9','1','20','区域客服经理-区域客服','admin','2016-04-19 19:08:34');
insert into `app_process_conf` (`ID`, `ROLE_ID`, `PROCESS_ROLE_ID`, `BUSI_TYPE`, `BUSI_PROCESS_ID`, `BUSI_PROCESS_NAME`, `CREATED_BY`, `CREATE_TIME`) values('258909cc-0620-11e6-9337-3417ebe03fc9','154c2b02-061a-11e6-9337-3417ebe03fc9','56585007-061a-11e6-9337-3417ebe03fc9','1','21','区域客服经理-总部客服','admin','2016-04-19 19:08:34');
insert into `app_process_conf` (`ID`, `ROLE_ID`, `PROCESS_ROLE_ID`, `BUSI_TYPE`, `BUSI_PROCESS_ID`, `BUSI_PROCESS_NAME`, `CREATED_BY`, `CREATE_TIME`) values('2882ba90-10d9-11e6-b64f-3417ebe03fc9','e55569e9-061a-11e6-9337-3417ebe03fc9','b5206cdf-061a-11e6-9337-3417ebe03fc9','1','81','运维组运营-运维组软件','admin','2016-05-03 10:45:55');
insert into `app_process_conf` (`ID`, `ROLE_ID`, `PROCESS_ROLE_ID`, `BUSI_TYPE`, `BUSI_PROCESS_ID`, `BUSI_PROCESS_NAME`, `CREATED_BY`, `CREATE_TIME`) values('2b00bd62-10d9-11e6-b64f-3417ebe03fc9','e55569e9-061a-11e6-9337-3417ebe03fc9','cf6d537a-061a-11e6-9337-3417ebe03fc9','1','82','运维组运营-运维组硬件','admin','2016-05-03 10:45:59');
insert into `app_process_conf` (`ID`, `ROLE_ID`, `PROCESS_ROLE_ID`, `BUSI_TYPE`, `BUSI_PROCESS_ID`, `BUSI_PROCESS_NAME`, `CREATED_BY`, `CREATE_TIME`) values('2b4c80b4-0622-11e6-9337-3417ebe03fc9','154c2b02-061a-11e6-9337-3417ebe03fc9','3f7b390c-06c2-11e6-9337-3417ebe03fc9','1','22','区域客服经理-总部客服经理','admin','2016-04-19 19:08:34');
insert into `app_process_conf` (`ID`, `ROLE_ID`, `PROCESS_ROLE_ID`, `BUSI_TYPE`, `BUSI_PROCESS_ID`, `BUSI_PROCESS_NAME`, `CREATED_BY`, `CREATE_TIME`) values('2c24ddd9-10d9-11e6-b64f-3417ebe03fc9','f808fdfb-061a-11e6-9337-3417ebe03fc9','e18cc3b2-0619-11e6-9337-3417ebe03fc9','1','90','总部财务-区域客服','admin','2016-05-03 10:46:01');
insert into `app_process_conf` (`ID`, `ROLE_ID`, `PROCESS_ROLE_ID`, `BUSI_TYPE`, `BUSI_PROCESS_ID`, `BUSI_PROCESS_NAME`, `CREATED_BY`, `CREATE_TIME`) values('2c89b0a3-10d9-11e6-b64f-3417ebe03fc9','f808fdfb-061a-11e6-9337-3417ebe03fc9','8cddc6bd-061a-11e6-9337-3417ebe03fc9','1','91','总部财务-总部缉查总监','admin','2016-05-03 10:46:02');
insert into `app_process_conf` (`ID`, `ROLE_ID`, `PROCESS_ROLE_ID`, `BUSI_TYPE`, `BUSI_PROCESS_ID`, `BUSI_PROCESS_NAME`, `CREATED_BY`, `CREATE_TIME`) values('359e5f4f-06cc-11e6-9337-3417ebe03fc9','154c2b02-061a-11e6-9337-3417ebe03fc9','f808fdfb-061a-11e6-9337-3417ebe03fc9','1','23','区域客服经理-总部财务','admin','2016-04-19 19:08:34');
insert into `app_process_conf` (`ID`, `ROLE_ID`, `PROCESS_ROLE_ID`, `BUSI_TYPE`, `BUSI_PROCESS_ID`, `BUSI_PROCESS_NAME`, `CREATED_BY`, `CREATE_TIME`) values('4aede405-0622-11e6-9337-3417ebe03fc9','56585007-061a-11e6-9337-3417ebe03fc9','e18cc3b2-0619-11e6-9337-3417ebe03fc9','1','30','总部客服-区域客服','admin','2016-04-19 19:08:34');
insert into `app_process_conf` (`ID`, `ROLE_ID`, `PROCESS_ROLE_ID`, `BUSI_TYPE`, `BUSI_PROCESS_ID`, `BUSI_PROCESS_NAME`, `CREATED_BY`, `CREATE_TIME`) values('5888113b-06cc-11e6-9337-3417ebe03fc9','56585007-061a-11e6-9337-3417ebe03fc9','b5206cdf-061a-11e6-9337-3417ebe03fc9','1','31','总部客服-运维组软件','admin','2016-04-19 19:08:34');
insert into `app_process_conf` (`ID`, `ROLE_ID`, `PROCESS_ROLE_ID`, `BUSI_TYPE`, `BUSI_PROCESS_ID`, `BUSI_PROCESS_NAME`, `CREATED_BY`, `CREATE_TIME`) values('61a67005-0621-11e6-9337-3417ebe03fc9','56585007-061a-11e6-9337-3417ebe03fc9','cf6d537a-061a-11e6-9337-3417ebe03fc9','1','32','总部客服-运维组硬件','admin','2016-04-19 19:08:34');
insert into `app_process_conf` (`ID`, `ROLE_ID`, `PROCESS_ROLE_ID`, `BUSI_TYPE`, `BUSI_PROCESS_ID`, `BUSI_PROCESS_NAME`, `CREATED_BY`, `CREATE_TIME`) values('621ea65f-0620-11e6-9337-3417ebe03fc9','56585007-061a-11e6-9337-3417ebe03fc9','e55569e9-061a-11e6-9337-3417ebe03fc9','1','33','总部客服-运维组运营','admin','2016-04-19 19:08:34');
insert into `app_process_conf` (`ID`, `ROLE_ID`, `PROCESS_ROLE_ID`, `BUSI_TYPE`, `BUSI_PROCESS_ID`, `BUSI_PROCESS_NAME`, `CREATED_BY`, `CREATE_TIME`) values('74109251-0622-11e6-9337-3417ebe03fc9','3f7b390c-06c2-11e6-9337-3417ebe03fc9','154c2b02-061a-11e6-9337-3417ebe03fc9','1','40','总部客服经理-区域客服经理','admin','2016-04-19 19:08:34');
insert into `app_process_conf` (`ID`, `ROLE_ID`, `PROCESS_ROLE_ID`, `BUSI_TYPE`, `BUSI_PROCESS_ID`, `BUSI_PROCESS_NAME`, `CREATED_BY`, `CREATE_TIME`) values('762169eb-06cc-11e6-9337-3417ebe03fc9','3f7b390c-06c2-11e6-9337-3417ebe03fc9','8cddc6bd-061a-11e6-9337-3417ebe03fc9','1','41','总部客服经理-总部缉查总监','admin',NULL);
insert into `app_process_conf` (`ID`, `ROLE_ID`, `PROCESS_ROLE_ID`, `BUSI_TYPE`, `BUSI_PROCESS_ID`, `BUSI_PROCESS_NAME`, `CREATED_BY`, `CREATE_TIME`) values('7b1c66b3-0621-11e6-9337-3417ebe03fc9','3f7b390c-06c2-11e6-9337-3417ebe03fc9','f808fdfb-061a-11e6-9337-3417ebe03fc9','1','42','总部客服经理-总部财务','admin','2016-04-19 19:08:34');
insert into `app_process_conf` (`ID`, `ROLE_ID`, `PROCESS_ROLE_ID`, `BUSI_TYPE`, `BUSI_PROCESS_ID`, `BUSI_PROCESS_NAME`, `CREATED_BY`, `CREATE_TIME`) values('a36598a1-0621-11e6-9337-3417ebe03fc9','8cddc6bd-061a-11e6-9337-3417ebe03fc9','3f7b390c-06c2-11e6-9337-3417ebe03fc9','1','50','总部缉查总监-总部客服经理','admin','2016-04-19 19:08:34');
insert into `app_process_conf` (`ID`, `ROLE_ID`, `PROCESS_ROLE_ID`, `BUSI_TYPE`, `BUSI_PROCESS_ID`, `BUSI_PROCESS_NAME`, `CREATED_BY`, `CREATE_TIME`) values('a5669771-06cb-11e6-9337-3417ebe03fc9','8cddc6bd-061a-11e6-9337-3417ebe03fc9','f808fdfb-061a-11e6-9337-3417ebe03fc9','1','51','总部缉查总监-总部财务','admin','2016-04-19 19:08:34');
insert into `app_process_conf` (`ID`, `ROLE_ID`, `PROCESS_ROLE_ID`, `BUSI_TYPE`, `BUSI_PROCESS_ID`, `BUSI_PROCESS_NAME`, `CREATED_BY`, `CREATE_TIME`) values('b80970a5-061e-11e6-9337-3417ebe03fc9','b5206cdf-061a-11e6-9337-3417ebe03fc9','56585007-061a-11e6-9337-3417ebe03fc9','1','60','运维组软件-总部客服','admin','2016-04-19 19:08:34');
insert into `app_process_conf` (`ID`, `ROLE_ID`, `PROCESS_ROLE_ID`, `BUSI_TYPE`, `BUSI_PROCESS_ID`, `BUSI_PROCESS_NAME`, `CREATED_BY`, `CREATE_TIME`) values('bc8744e6-0621-11e6-9337-3417ebe03fc9','b5206cdf-061a-11e6-9337-3417ebe03fc9','cf6d537a-061a-11e6-9337-3417ebe03fc9','1','61','运维组软件-运维组硬件','admin','2016-04-19 19:08:34');
insert into `app_process_conf` (`ID`, `ROLE_ID`, `PROCESS_ROLE_ID`, `BUSI_TYPE`, `BUSI_PROCESS_ID`, `BUSI_PROCESS_NAME`, `CREATED_BY`, `CREATE_TIME`) values('c5988f4b-0620-11e6-9337-3417ebe03fc9','b5206cdf-061a-11e6-9337-3417ebe03fc9','e55569e9-061a-11e6-9337-3417ebe03fc9','1','62','运维组软件-运维组运营','admin','2016-04-19 19:08:34');
insert into `app_process_conf` (`ID`, `ROLE_ID`, `PROCESS_ROLE_ID`, `BUSI_TYPE`, `BUSI_PROCESS_ID`, `BUSI_PROCESS_NAME`, `CREATED_BY`, `CREATE_TIME`) values('ceec015f-06cb-11e6-9337-3417ebe03fc9','cf6d537a-061a-11e6-9337-3417ebe03fc9','56585007-061a-11e6-9337-3417ebe03fc9','1','70','运维组硬件-总部客服','admin','2016-04-19 19:08:34');
insert into `app_process_conf` (`ID`, `ROLE_ID`, `PROCESS_ROLE_ID`, `BUSI_TYPE`, `BUSI_PROCESS_ID`, `BUSI_PROCESS_NAME`, `CREATED_BY`, `CREATE_TIME`) values('d4c83a92-0621-11e6-9337-3417ebe03fc9','cf6d537a-061a-11e6-9337-3417ebe03fc9','b5206cdf-061a-11e6-9337-3417ebe03fc9','1','71','运维组硬件-运维组软件','admin','2016-04-19 19:08:34');
insert into `app_process_conf` (`ID`, `ROLE_ID`, `PROCESS_ROLE_ID`, `BUSI_TYPE`, `BUSI_PROCESS_ID`, `BUSI_PROCESS_NAME`, `CREATED_BY`, `CREATE_TIME`) values('ed856438-061e-11e6-9337-3417ebe03fc9','cf6d537a-061a-11e6-9337-3417ebe03fc9','e55569e9-061a-11e6-9337-3417ebe03fc9','1','72','运维组硬件-运维组运营','admin','2016-04-19 19:08:34');
insert into `app_process_conf` (`ID`, `ROLE_ID`, `PROCESS_ROLE_ID`, `BUSI_TYPE`, `BUSI_PROCESS_ID`, `BUSI_PROCESS_NAME`, `CREATED_BY`, `CREATE_TIME`) values('fce25419-0621-11e6-9337-3417ebe03fc9','e55569e9-061a-11e6-9337-3417ebe03fc9','56585007-061a-11e6-9337-3417ebe03fc9','1','80','运维组运营-总部客服','admin','2016-04-19 19:08:34');

--process_id数据字典
delete from base_dictionary where code_type='process_id';
insert into `base_dictionary` (`ID`, `CODE_TYPE`, `CODE_VALUE`, `CODE_TEXT`, `CODE_TYPE_DESC`, `STATE`, `ORDER_NUM`, `IS_DEFAULT`, `CREATED_BY`, `UPDATED_BY`, `CREATE_TIME`, `UPDATE_TIME`) values('82fa5e58-ffcf-11e5-9337-3417ebe03fc9','PROCESS_ID','1','用户/客服提交','申诉处理进程ID','0','1','1','admin','','2016-04-11 18:24:02',NULL);
insert into `base_dictionary` (`ID`, `CODE_TYPE`, `CODE_VALUE`, `CODE_TEXT`, `CODE_TYPE_DESC`, `STATE`, `ORDER_NUM`, `IS_DEFAULT`, `CREATED_BY`, `UPDATED_BY`, `CREATE_TIME`, `UPDATE_TIME`) values('9b4ab0e6-ffcf-11e5-9337-3417ebe03fc9','PROCESS_ID','10','区域客服-区域客服经理','申诉处理进程ID','0','2','0','admin','admin','2016-04-11 18:24:43','2016-05-03 11:25:10');
insert into `base_dictionary` (`ID`, `CODE_TYPE`, `CODE_VALUE`, `CODE_TEXT`, `CODE_TYPE_DESC`, `STATE`, `ORDER_NUM`, `IS_DEFAULT`, `CREATED_BY`, `UPDATED_BY`, `CREATE_TIME`, `UPDATE_TIME`) values('d2a4e214-ffcf-11e5-9337-3417ebe03fc9','PROCESS_ID','20','区域客服经理-区域客服','申诉处理进程ID','0','3','0','admin','admin','2016-04-11 18:26:16','2016-05-03 11:25:17');
insert into `base_dictionary` (`ID`, `CODE_TYPE`, `CODE_VALUE`, `CODE_TEXT`, `CODE_TYPE_DESC`, `STATE`, `ORDER_NUM`, `IS_DEFAULT`, `CREATED_BY`, `UPDATED_BY`, `CREATE_TIME`, `UPDATE_TIME`) values('e6cd0c04-ffcf-11e5-9337-3417ebe03fc9','PROCESS_ID','21','区域客服经理-总部客服','申诉处理进程ID','0','4','0','admin','admin','2016-04-11 18:26:50','2016-05-03 11:25:23');
insert into `base_dictionary` (`ID`, `CODE_TYPE`, `CODE_VALUE`, `CODE_TEXT`, `CODE_TYPE_DESC`, `STATE`, `ORDER_NUM`, `IS_DEFAULT`, `CREATED_BY`, `UPDATED_BY`, `CREATE_TIME`, `UPDATE_TIME`) values('3fc60341-ffd0-11e5-9337-3417ebe03fc9','PROCESS_ID','22','区域客服经理-总部客服经理','申诉处理进程ID','0','5','0','admin','admin','2016-04-11 18:29:19','2016-05-03 11:25:30');
insert into `base_dictionary` (`ID`, `CODE_TYPE`, `CODE_VALUE`, `CODE_TEXT`, `CODE_TYPE_DESC`, `STATE`, `ORDER_NUM`, `IS_DEFAULT`, `CREATED_BY`, `UPDATED_BY`, `CREATE_TIME`, `UPDATE_TIME`) values('56d12e4e-ffd0-11e5-9337-3417ebe03fc9','PROCESS_ID','23','区域客服经理-总部财务','申诉处理进程ID','0','6','0','admin','admin','2016-04-11 18:29:57','2016-05-03 11:25:39');
insert into `base_dictionary` (`ID`, `CODE_TYPE`, `CODE_VALUE`, `CODE_TEXT`, `CODE_TYPE_DESC`, `STATE`, `ORDER_NUM`, `IS_DEFAULT`, `CREATED_BY`, `UPDATED_BY`, `CREATE_TIME`, `UPDATE_TIME`) values('6988738b-ffd0-11e5-9337-3417ebe03fc9','PROCESS_ID','30','总部客服-区域客服','申诉处理进程ID','0','7','0','admin','admin','2016-04-11 18:30:29','2016-04-29 13:40:26');
insert into `base_dictionary` (`ID`, `CODE_TYPE`, `CODE_VALUE`, `CODE_TEXT`, `CODE_TYPE_DESC`, `STATE`, `ORDER_NUM`, `IS_DEFAULT`, `CREATED_BY`, `UPDATED_BY`, `CREATE_TIME`, `UPDATE_TIME`) values('952a3e1f-ffd0-11e5-9337-3417ebe03fc9','PROCESS_ID','31','总部客服-运维组软件','申诉处理进程ID','0','8','0','admin','admin','2016-04-11 18:31:42','2016-04-29 13:41:06');
insert into `base_dictionary` (`ID`, `CODE_TYPE`, `CODE_VALUE`, `CODE_TEXT`, `CODE_TYPE_DESC`, `STATE`, `ORDER_NUM`, `IS_DEFAULT`, `CREATED_BY`, `UPDATED_BY`, `CREATE_TIME`, `UPDATE_TIME`) values('a7edb7bf-ffd0-11e5-9337-3417ebe03fc9','PROCESS_ID','32','总部客服-运维组硬件','申诉处理进程ID','0','9','0','admin','admin','2016-04-11 18:32:14','2016-04-29 13:41:50');
insert into `base_dictionary` (`ID`, `CODE_TYPE`, `CODE_VALUE`, `CODE_TEXT`, `CODE_TYPE_DESC`, `STATE`, `ORDER_NUM`, `IS_DEFAULT`, `CREATED_BY`, `UPDATED_BY`, `CREATE_TIME`, `UPDATE_TIME`) values('bf036bc0-ffd0-11e5-9337-3417ebe03fc9','PROCESS_ID','33','总部客服-运维组运营','申诉处理进程ID','0','10','0','admin','admin','2016-04-11 18:32:52','2016-04-29 13:42:31');
insert into `base_dictionary` (`ID`, `CODE_TYPE`, `CODE_VALUE`, `CODE_TEXT`, `CODE_TYPE_DESC`, `STATE`, `ORDER_NUM`, `IS_DEFAULT`, `CREATED_BY`, `UPDATED_BY`, `CREATE_TIME`, `UPDATE_TIME`) values('a61ccb9c-06b9-11e6-9337-3417ebe03fc9','PROCESS_ID','40','总部客服经理-区域客服经理','申诉处理进程ID','0','11','0','admin','admin','2016-04-20 13:35:10','2016-05-03 11:24:52');
insert into `base_dictionary` (`ID`, `CODE_TYPE`, `CODE_VALUE`, `CODE_TEXT`, `CODE_TYPE_DESC`, `STATE`, `ORDER_NUM`, `IS_DEFAULT`, `CREATED_BY`, `UPDATED_BY`, `CREATE_TIME`, `UPDATE_TIME`) values('cfbe3e0c-06cc-11e6-9337-3417ebe03fc9','PROCESS_ID','41','总部客服经理-总部缉查总监','申诉处理进程ID','0','12','0','admin','admin','2016-04-20 15:52:20','2016-04-29 14:30:36');
insert into `base_dictionary` (`ID`, `CODE_TYPE`, `CODE_VALUE`, `CODE_TEXT`, `CODE_TYPE_DESC`, `STATE`, `ORDER_NUM`, `IS_DEFAULT`, `CREATED_BY`, `UPDATED_BY`, `CREATE_TIME`, `UPDATE_TIME`) values('ee54f7f3-06cc-11e6-9337-3417ebe03fc9','PROCESS_ID','42','总部客服经理-总部财务','申诉处理进程ID','0','13','0','admin','admin','2016-04-20 15:53:12','2016-04-29 14:31:02');
insert into `base_dictionary` (`ID`, `CODE_TYPE`, `CODE_VALUE`, `CODE_TEXT`, `CODE_TYPE_DESC`, `STATE`, `ORDER_NUM`, `IS_DEFAULT`, `CREATED_BY`, `UPDATED_BY`, `CREATE_TIME`, `UPDATE_TIME`) values('c91bc306-06b9-11e6-9337-3417ebe03fc9','PROCESS_ID','50','总部缉查总监-总部客服经理','申诉处理进程ID','0','14','0','admin','admin','2016-04-20 13:36:09','2016-04-29 14:31:58');
insert into `base_dictionary` (`ID`, `CODE_TYPE`, `CODE_VALUE`, `CODE_TEXT`, `CODE_TYPE_DESC`, `STATE`, `ORDER_NUM`, `IS_DEFAULT`, `CREATED_BY`, `UPDATED_BY`, `CREATE_TIME`, `UPDATE_TIME`) values('5bec75bb-06cd-11e6-9337-3417ebe03fc9','PROCESS_ID','51','总部缉查总监-总部财务','申诉处理进程ID','0','15','0','admin','admin','2016-04-20 15:56:16','2016-04-29 14:33:13');
insert into `base_dictionary` (`ID`, `CODE_TYPE`, `CODE_VALUE`, `CODE_TEXT`, `CODE_TYPE_DESC`, `STATE`, `ORDER_NUM`, `IS_DEFAULT`, `CREATED_BY`, `UPDATED_BY`, `CREATE_TIME`, `UPDATE_TIME`) values('e233dae6-06b9-11e6-9337-3417ebe03fc9','PROCESS_ID','60','运维组软件-总部客服','申诉处理进程ID','0','16','0','admin','admin','2016-04-20 13:36:51','2016-04-29 14:34:28');
insert into `base_dictionary` (`ID`, `CODE_TYPE`, `CODE_VALUE`, `CODE_TEXT`, `CODE_TYPE_DESC`, `STATE`, `ORDER_NUM`, `IS_DEFAULT`, `CREATED_BY`, `UPDATED_BY`, `CREATE_TIME`, `UPDATE_TIME`) values('baae0fa6-06cd-11e6-9337-3417ebe03fc9','PROCESS_ID','61','运维组软件-运维组硬件','申诉处理进程ID','0','17','0','admin','admin','2016-04-20 15:58:55','2016-04-29 14:35:19');
insert into `base_dictionary` (`ID`, `CODE_TYPE`, `CODE_VALUE`, `CODE_TEXT`, `CODE_TYPE_DESC`, `STATE`, `ORDER_NUM`, `IS_DEFAULT`, `CREATED_BY`, `UPDATED_BY`, `CREATE_TIME`, `UPDATE_TIME`) values('ca051733-06cd-11e6-9337-3417ebe03fc9','PROCESS_ID','62','运维组软件-运维组运营','申诉处理进程ID','0','18','0','admin','admin','2016-04-20 15:59:20','2016-04-29 14:37:27');
insert into `base_dictionary` (`ID`, `CODE_TYPE`, `CODE_VALUE`, `CODE_TEXT`, `CODE_TYPE_DESC`, `STATE`, `ORDER_NUM`, `IS_DEFAULT`, `CREATED_BY`, `UPDATED_BY`, `CREATE_TIME`, `UPDATE_TIME`) values('294996fd-06ba-11e6-9337-3417ebe03fc9','PROCESS_ID','70','运维组硬件-总部客服','申诉处理进程ID','0','19','0','admin','admin','2016-04-20 13:38:50','2016-04-29 14:38:22');
insert into `base_dictionary` (`ID`, `CODE_TYPE`, `CODE_VALUE`, `CODE_TEXT`, `CODE_TYPE_DESC`, `STATE`, `ORDER_NUM`, `IS_DEFAULT`, `CREATED_BY`, `UPDATED_BY`, `CREATE_TIME`, `UPDATE_TIME`) values('f7240b79-06b9-11e6-9337-3417ebe03fc9','PROCESS_ID','71','运维组硬件-运维组软件','申诉处理进程ID','0','20','0','admin','admin','2016-04-20 13:37:26','2016-04-29 14:39:39');
insert into `base_dictionary` (`ID`, `CODE_TYPE`, `CODE_VALUE`, `CODE_TEXT`, `CODE_TYPE_DESC`, `STATE`, `ORDER_NUM`, `IS_DEFAULT`, `CREATED_BY`, `UPDATED_BY`, `CREATE_TIME`, `UPDATE_TIME`) values('49c262d6-0dd5-11e6-b64f-3417ebe03fc9','PROCESS_ID','72','运维组硬件-运维组运营','申诉处理进程ID','0','21','0','admin','','2016-04-29 14:40:39',NULL);
insert into `base_dictionary` (`ID`, `CODE_TYPE`, `CODE_VALUE`, `CODE_TEXT`, `CODE_TYPE_DESC`, `STATE`, `ORDER_NUM`, `IS_DEFAULT`, `CREATED_BY`, `UPDATED_BY`, `CREATE_TIME`, `UPDATE_TIME`) values('78dd0f43-0dd5-11e6-b64f-3417ebe03fc9','PROCESS_ID','80','运维组运营-总部客服','申诉处理进程ID','0','22','0','admin','','2016-04-29 14:41:58',NULL);
insert into `base_dictionary` (`ID`, `CODE_TYPE`, `CODE_VALUE`, `CODE_TEXT`, `CODE_TYPE_DESC`, `STATE`, `ORDER_NUM`, `IS_DEFAULT`, `CREATED_BY`, `UPDATED_BY`, `CREATE_TIME`, `UPDATE_TIME`) values('9b11ef13-0dd5-11e6-b64f-3417ebe03fc9','PROCESS_ID','81','运维组运营-运维组软件','申诉处理进程ID','0','23','0','admin','','2016-04-29 14:42:56',NULL);
insert into `base_dictionary` (`ID`, `CODE_TYPE`, `CODE_VALUE`, `CODE_TEXT`, `CODE_TYPE_DESC`, `STATE`, `ORDER_NUM`, `IS_DEFAULT`, `CREATED_BY`, `UPDATED_BY`, `CREATE_TIME`, `UPDATE_TIME`) values('0ce29c9d-06ba-11e6-9337-3417ebe03fc9','PROCESS_ID','82','运维组运营-运维组硬件','申诉处理进程ID','0','24','0','admin','admin','2016-04-20 13:38:03','2016-04-29 14:43:32');
insert into `base_dictionary` (`ID`, `CODE_TYPE`, `CODE_VALUE`, `CODE_TEXT`, `CODE_TYPE_DESC`, `STATE`, `ORDER_NUM`, `IS_DEFAULT`, `CREATED_BY`, `UPDATED_BY`, `CREATE_TIME`, `UPDATE_TIME`) values('a76bb954-06cd-11e6-9337-3417ebe03fc9','PROCESS_ID','90','总部财务-区域客服','申诉处理进程ID','0','25','0','admin','admin','2016-04-20 15:58:22','2016-04-29 14:44:19');
insert into `base_dictionary` (`ID`, `CODE_TYPE`, `CODE_VALUE`, `CODE_TEXT`, `CODE_TYPE_DESC`, `STATE`, `ORDER_NUM`, `IS_DEFAULT`, `CREATED_BY`, `UPDATED_BY`, `CREATE_TIME`, `UPDATE_TIME`) values('e7aec924-0dd5-11e6-b64f-3417ebe03fc9','PROCESS_ID','91','总部财务-总部缉查总监','申诉处理进程ID','0','26','0','admin','','2016-04-29 14:45:04',NULL);
insert into `base_dictionary` (`ID`, `CODE_TYPE`, `CODE_VALUE`, `CODE_TEXT`, `CODE_TYPE_DESC`, `STATE`, `ORDER_NUM`, `IS_DEFAULT`, `CREATED_BY`, `UPDATED_BY`, `CREATE_TIME`, `UPDATE_TIME`) values('d414a170-ffd0-11e5-9337-3417ebe03fc9','PROCESS_ID','100','申诉处理结束','申诉处理进程ID','0','27','0','admin','admin','2016-04-11 18:33:28','2016-04-29 14:43:57');

--role_level数据字典
delete from base_dictionary where code_type='role_level';
insert into `base_dictionary` (`ID`, `CODE_TYPE`, `CODE_VALUE`, `CODE_TEXT`, `CODE_TYPE_DESC`, `STATE`, `ORDER_NUM`, `IS_DEFAULT`, `CREATED_BY`, `UPDATED_BY`, `CREATE_TIME`, `UPDATE_TIME`) values('7721a47b-0129-11e6-bbb9-54ee756108e5','ROLE_LEVEL','1','一级','角色等级','0','0','0','admin','admin','2016-04-13 11:40:29','2016-04-20 09:48:40');
insert into `base_dictionary` (`ID`, `CODE_TYPE`, `CODE_VALUE`, `CODE_TEXT`, `CODE_TYPE_DESC`, `STATE`, `ORDER_NUM`, `IS_DEFAULT`, `CREATED_BY`, `UPDATED_BY`, `CREATE_TIME`, `UPDATE_TIME`) values('81420c14-0129-11e6-bbb9-54ee756108e5','ROLE_LEVEL','2','二级','角色等级','0','1','1','admin','admin','2016-04-13 11:40:46','2016-04-20 09:48:48');
insert into `base_dictionary` (`ID`, `CODE_TYPE`, `CODE_VALUE`, `CODE_TEXT`, `CODE_TYPE_DESC`, `STATE`, `ORDER_NUM`, `IS_DEFAULT`, `CREATED_BY`, `UPDATED_BY`, `CREATE_TIME`, `UPDATE_TIME`) values('9aaf505d-0129-11e6-bbb9-54ee756108e5','ROLE_LEVEL','3','三级','角色等级','0','2','0','admin','admin','2016-04-13 11:41:28','2016-04-20 09:48:55');
insert into `base_dictionary` (`ID`, `CODE_TYPE`, `CODE_VALUE`, `CODE_TEXT`, `CODE_TYPE_DESC`, `STATE`, `ORDER_NUM`, `IS_DEFAULT`, `CREATED_BY`, `UPDATED_BY`, `CREATE_TIME`, `UPDATE_TIME`) values('1817eb87-02ac-11e6-9337-3417ebe03fc9','ROLE_LEVEL','4','四级','角色等级','0','3','0','admin','admin','2016-04-15 09:48:04','2016-04-20 09:49:06');
insert into `base_dictionary` (`ID`, `CODE_TYPE`, `CODE_VALUE`, `CODE_TEXT`, `CODE_TYPE_DESC`, `STATE`, `ORDER_NUM`, `IS_DEFAULT`, `CREATED_BY`, `UPDATED_BY`, `CREATE_TIME`, `UPDATE_TIME`) values('230d3a5e-02ac-11e6-9337-3417ebe03fc9','ROLE_LEVEL','5','五级','角色等级','0','4','0','admin','admin','2016-04-15 09:48:22','2016-04-20 09:49:12');
insert into `base_dictionary` (`ID`, `CODE_TYPE`, `CODE_VALUE`, `CODE_TEXT`, `CODE_TYPE_DESC`, `STATE`, `ORDER_NUM`, `IS_DEFAULT`, `CREATED_BY`, `UPDATED_BY`, `CREATE_TIME`, `UPDATE_TIME`) values('2f1c6e7e-02ac-11e6-9337-3417ebe03fc9','ROLE_LEVEL','6','六级','角色等级','0','5','0','admin','admin','2016-04-15 09:48:42','2016-04-20 09:49:19');
insert into `base_dictionary` (`ID`, `CODE_TYPE`, `CODE_VALUE`, `CODE_TEXT`, `CODE_TYPE_DESC`, `STATE`, `ORDER_NUM`, `IS_DEFAULT`, `CREATED_BY`, `UPDATED_BY`, `CREATE_TIME`, `UPDATE_TIME`) values('360bafe8-02ac-11e6-9337-3417ebe03fc9','ROLE_LEVEL','7','七级','角色等级','0','6','0','admin','admin','2016-04-15 09:48:54','2016-04-20 09:49:27');
insert into `base_dictionary` (`ID`, `CODE_TYPE`, `CODE_VALUE`, `CODE_TEXT`, `CODE_TYPE_DESC`, `STATE`, `ORDER_NUM`, `IS_DEFAULT`, `CREATED_BY`, `UPDATED_BY`, `CREATE_TIME`, `UPDATE_TIME`) values('4217296d-02ac-11e6-9337-3417ebe03fc9','ROLE_LEVEL','8','八级','角色等级','0','7','0','admin','admin','2016-04-15 09:49:14','2016-04-20 09:49:33');
insert into `base_dictionary` (`ID`, `CODE_TYPE`, `CODE_VALUE`, `CODE_TEXT`, `CODE_TYPE_DESC`, `STATE`, `ORDER_NUM`, `IS_DEFAULT`, `CREATED_BY`, `UPDATED_BY`, `CREATE_TIME`, `UPDATE_TIME`) values('4f53fe1b-02ac-11e6-9337-3417ebe03fc9','ROLE_LEVEL','9','九级','角色等级','0','8','0','admin','admin','2016-04-15 09:49:36','2016-04-20 09:49:42');

--角色表
insert into `base_role` (`ID`, `ROLE_NAME`, `ROLE_DESC`, `CREATED_BY`, `UPDATED_BY`, `CREATE_TIME`, `UPDATE_TIME`, `ROLE_LEVEL`) values('154c2b02-061a-11e6-9337-3417ebe03fc9','区域客服经理','区域客服经理（负责管理客服）','admin','admin','2016-04-19 18:32:57','2016-05-03 11:23:32','8');
insert into `base_role` (`ID`, `ROLE_NAME`, `ROLE_DESC`, `CREATED_BY`, `UPDATED_BY`, `CREATE_TIME`, `UPDATE_TIME`, `ROLE_LEVEL`) values('3f7b390c-06c2-11e6-9337-3417ebe03fc9','总部客服经理','总部客服经理（管理所有总部客服）','admin','admin','2016-04-20 14:36:43','2016-04-26 14:59:25','5');
insert into `base_role` (`ID`, `ROLE_NAME`, `ROLE_DESC`, `CREATED_BY`, `UPDATED_BY`, `CREATE_TIME`, `UPDATE_TIME`, `ROLE_LEVEL`) values('56585007-061a-11e6-9337-3417ebe03fc9','总部客服','总部客服（负责协助解决区域客服问题）','admin','admin','2016-04-19 18:34:46','2016-04-26 18:06:49','6');
insert into `base_role` (`ID`, `ROLE_NAME`, `ROLE_DESC`, `CREATED_BY`, `UPDATED_BY`, `CREATE_TIME`, `UPDATE_TIME`, `ROLE_LEVEL`) values('8cddc6bd-061a-11e6-9337-3417ebe03fc9','总部稽查总监','总部稽查总监（负责管理所有的投诉和停车运营）','admin','admin','2016-04-19 18:36:18','2016-05-03 11:23:52','5');
insert into `base_role` (`ID`, `ROLE_NAME`, `ROLE_DESC`, `CREATED_BY`, `UPDATED_BY`, `CREATE_TIME`, `UPDATE_TIME`, `ROLE_LEVEL`) values('b5206cdf-061a-11e6-9337-3417ebe03fc9','运维部软件','运维部-软件（负责解决软件相关问题）','admin','admin','2016-04-19 18:37:25','2016-04-22 18:21:48','6');
insert into `base_role` (`ID`, `ROLE_NAME`, `ROLE_DESC`, `CREATED_BY`, `UPDATED_BY`, `CREATE_TIME`, `UPDATE_TIME`, `ROLE_LEVEL`) values('cf6d537a-061a-11e6-9337-3417ebe03fc9','运维部硬件','运维部-硬件（负责解决投诉硬件问题）','admin','admin','2016-04-19 18:38:10','2016-04-22 18:21:53','6');
insert into `base_role` (`ID`, `ROLE_NAME`, `ROLE_DESC`, `CREATED_BY`, `UPDATED_BY`, `CREATE_TIME`, `UPDATE_TIME`, `ROLE_LEVEL`) values('e18cc3b2-0619-11e6-9337-3417ebe03fc9','区域客服','区域客服（处理用户订单投诉等）','admin','admin','2016-04-19 18:31:30','2016-04-26 15:01:07','9');
insert into `base_role` (`ID`, `ROLE_NAME`, `ROLE_DESC`, `CREATED_BY`, `UPDATED_BY`, `CREATE_TIME`, `UPDATE_TIME`, `ROLE_LEVEL`) values('e55569e9-061a-11e6-9337-3417ebe03fc9','运维部运营','运维部-运营（负责解决运营相关问题）','admin','admin','2016-04-19 18:38:46','2016-04-22 18:21:57','6');
insert into `base_role` (`ID`, `ROLE_NAME`, `ROLE_DESC`, `CREATED_BY`, `UPDATED_BY`, `CREATE_TIME`, `UPDATE_TIME`, `ROLE_LEVEL`) values('f808fdfb-061a-11e6-9337-3417ebe03fc9','总部财务','总部财务（负责用户退款操作）','admin','admin','2016-04-19 18:39:18','2016-04-27 10:39:09','6');

--数据字典新增
insert into `base_dictionary` (`ID`, `CODE_TYPE`, `CODE_VALUE`, `CODE_TEXT`, `CODE_TYPE_DESC`, `STATE`, `ORDER_NUM`, `IS_DEFAULT`, `CREATED_BY`, `UPDATED_BY`, `CREATE_TIME`, `UPDATE_TIME`) values('e04d7450-0ddd-11e6-b64f-3417ebe03fc9','AUTH_TYPE','2','停车点','授权类型','0','1','0','admin','','2016-04-29 15:42:08',NULL);
insert into `base_dictionary` (`ID`, `CODE_TYPE`, `CODE_VALUE`, `CODE_TEXT`, `CODE_TYPE_DESC`, `STATE`, `ORDER_NUM`, `IS_DEFAULT`, `CREATED_BY`, `UPDATED_BY`, `CREATE_TIME`, `UPDATE_TIME`) values('d76b958b-0ddd-11e6-b64f-3417ebe03fc9','AUTH_TYPE','1','区域','授权类型','0','0','1','admin','','2016-04-29 15:41:53',NULL);
insert into `base_dictionary` (`ID`, `CODE_TYPE`, `CODE_VALUE`, `CODE_TEXT`, `CODE_TYPE_DESC`, `STATE`, `ORDER_NUM`, `IS_DEFAULT`, `CREATED_BY`, `UPDATED_BY`, `CREATE_TIME`, `UPDATE_TIME`) values('f9577f9c-0ce4-11e6-b64f-3417ebe03fc9','PAY_ACCOUNT_TYPE','3','微信公众号支付','支付账号类型','0','3','0','admin','','2016-04-28 10:00:25',NULL);
insert into `base_dictionary` (`ID`, `CODE_TYPE`, `CODE_VALUE`, `CODE_TEXT`, `CODE_TYPE_DESC`, `STATE`, `ORDER_NUM`, `IS_DEFAULT`, `CREATED_BY`, `UPDATED_BY`, `CREATE_TIME`, `UPDATE_TIME`) values('3eb7e55e-0b78-11e6-9337-3417ebe03fc9','PARA_TYPE','2','APP系统参数','参数类别','0','2','0','admin','','2016-04-26 14:29:35',NULL);
insert into `base_dictionary` (`ID`, `CODE_TYPE`, `CODE_VALUE`, `CODE_TEXT`, `CODE_TYPE_DESC`, `STATE`, `ORDER_NUM`, `IS_DEFAULT`, `CREATED_BY`, `UPDATED_BY`, `CREATE_TIME`, `UPDATE_TIME`) values('34102642-0b78-11e6-9337-3417ebe03fc9','PARA_TYPE','1','中间件系统参数','参数类别','0','1','0','admin','','2016-04-26 14:29:17',NULL);
insert into `base_dictionary` (`ID`, `CODE_TYPE`, `CODE_VALUE`, `CODE_TEXT`, `CODE_TYPE_DESC`, `STATE`, `ORDER_NUM`, `IS_DEFAULT`, `CREATED_BY`, `UPDATED_BY`, `CREATE_TIME`, `UPDATE_TIME`) values('254c2175-0b78-11e6-9337-3417ebe03fc9','PARA_TYPE','0','通用','参数类别','0','0','1','admin','','2016-04-26 14:28:53',NULL);
insert into `base_dictionary` (`ID`, `CODE_TYPE`, `CODE_VALUE`, `CODE_TEXT`, `CODE_TYPE_DESC`, `STATE`, `ORDER_NUM`, `IS_DEFAULT`, `CREATED_BY`, `UPDATED_BY`, `CREATE_TIME`, `UPDATE_TIME`) values('c510ced2-0b59-11e6-9337-3417ebe03fc9','payType','3','余额支付','账单支付方式','0','2','0','admin','','2016-04-26 10:51:26',NULL);
insert into `base_dictionary` (`ID`, `CODE_TYPE`, `CODE_VALUE`, `CODE_TEXT`, `CODE_TYPE_DESC`, `STATE`, `ORDER_NUM`, `IS_DEFAULT`, `CREATED_BY`, `UPDATED_BY`, `CREATE_TIME`, `UPDATE_TIME`) values('9df8f8a2-0b59-11e6-9337-3417ebe03fc9','payType','2','微信App支付','账单支付方式','0','1','0','admin','','2016-04-26 10:50:21',NULL);
insert into `base_dictionary` (`ID`, `CODE_TYPE`, `CODE_VALUE`, `CODE_TEXT`, `CODE_TYPE_DESC`, `STATE`, `ORDER_NUM`, `IS_DEFAULT`, `CREATED_BY`, `UPDATED_BY`, `CREATE_TIME`, `UPDATE_TIME`) values('82cbd9eb-0b59-11e6-9337-3417ebe03fc9','payType','1','支付宝','账单支付方式','0','0','1','admin','','2016-04-26 10:49:35',NULL);
insert into `base_dictionary` (`ID`, `CODE_TYPE`, `CODE_VALUE`, `CODE_TEXT`, `CODE_TYPE_DESC`, `STATE`, `ORDER_NUM`, `IS_DEFAULT`, `CREATED_BY`, `UPDATED_BY`, `CREATE_TIME`, `UPDATE_TIME`) values('da8b08e9-05fd-11e6-9337-3417ebe03fc9','COMPLAIN_RESOURCE','3','其他','投诉来源','0','3','0','admin','','2016-04-19 15:10:53',NULL);
insert into `base_dictionary` (`ID`, `CODE_TYPE`, `CODE_VALUE`, `CODE_TEXT`, `CODE_TYPE_DESC`, `STATE`, `ORDER_NUM`, `IS_DEFAULT`, `CREATED_BY`, `UPDATED_BY`, `CREATE_TIME`, `UPDATE_TIME`) values('cf287c96-05fd-11e6-9337-3417ebe03fc9','COMPLAIN_RESOURCE','2','电话投诉','投诉来源','0','2','0','admin','','2016-04-19 15:10:34',NULL);
insert into `base_dictionary` (`ID`, `CODE_TYPE`, `CODE_VALUE`, `CODE_TEXT`, `CODE_TYPE_DESC`, `STATE`, `ORDER_NUM`, `IS_DEFAULT`, `CREATED_BY`, `UPDATED_BY`, `CREATE_TIME`, `UPDATE_TIME`) values('bacfbbc6-05fd-11e6-9337-3417ebe03fc9','COMPLAIN_RESOURCE','1','APP申诉','投诉来源','0','1','1','admin','','2016-04-19 15:10:00',NULL);
insert into `base_dictionary` (`ID`, `CODE_TYPE`, `CODE_VALUE`, `CODE_TEXT`, `CODE_TYPE_DESC`, `STATE`, `ORDER_NUM`, `IS_DEFAULT`, `CREATED_BY`, `UPDATED_BY`, `CREATE_TIME`, `UPDATE_TIME`) values('a1545685-05dc-11e6-9337-3417ebe03fc9','refund_type','BALANCE','退回到余额','退款类型','0','1','0','admin','','2016-04-19 11:13:03',NULL);
insert into `base_dictionary` (`ID`, `CODE_TYPE`, `CODE_VALUE`, `CODE_TEXT`, `CODE_TYPE_DESC`, `STATE`, `ORDER_NUM`, `IS_DEFAULT`, `CREATED_BY`, `UPDATED_BY`, `CREATE_TIME`, `UPDATE_TIME`) values('8ae4f038-05dc-11e6-9337-3417ebe03fc9','refund_type','ORIGINAL','原路退款','退款类型','0','0','1','admin','','2016-04-19 11:12:26',NULL);
insert into `base_dictionary` (`ID`, `CODE_TYPE`, `CODE_VALUE`, `CODE_TEXT`, `CODE_TYPE_DESC`, `STATE`, `ORDER_NUM`, `IS_DEFAULT`, `CREATED_BY`, `UPDATED_BY`, `CREATE_TIME`, `UPDATE_TIME`) values('f202080a-053c-11e6-9337-3417ebe03fc9','REFUND_STATUS','4','退款成功','退款状态','0','4','0','admin','','2016-04-18 16:09:59',NULL);
insert into `base_dictionary` (`ID`, `CODE_TYPE`, `CODE_VALUE`, `CODE_TEXT`, `CODE_TYPE_DESC`, `STATE`, `ORDER_NUM`, `IS_DEFAULT`, `CREATED_BY`, `UPDATED_BY`, `CREATE_TIME`, `UPDATE_TIME`) values('e1e952c3-053c-11e6-9337-3417ebe03fc9','REFUND_STATUS','3','退款失败','退款状态','0','3','0','admin','','2016-04-18 16:09:32',NULL);
insert into `base_dictionary` (`ID`, `CODE_TYPE`, `CODE_VALUE`, `CODE_TEXT`, `CODE_TYPE_DESC`, `STATE`, `ORDER_NUM`, `IS_DEFAULT`, `CREATED_BY`, `UPDATED_BY`, `CREATE_TIME`, `UPDATE_TIME`) values('d11a1d04-053c-11e6-9337-3417ebe03fc9','REFUND_STATUS','2','需要退款','退款状态','0','2','0','admin','','2016-04-18 16:09:04',NULL);
insert into `base_dictionary` (`ID`, `CODE_TYPE`, `CODE_VALUE`, `CODE_TEXT`, `CODE_TYPE_DESC`, `STATE`, `ORDER_NUM`, `IS_DEFAULT`, `CREATED_BY`, `UPDATED_BY`, `CREATE_TIME`, `UPDATE_TIME`) values('c30d889e-053c-11e6-9337-3417ebe03fc9','REFUND_STATUS','1','无退款','退款状态','0','1','1','admin','','2016-04-18 16:08:41',NULL);
