--数据字典新增数据
insert into `base_dictionary` (`ID`, `CODE_TYPE`, `CODE_VALUE`, `CODE_TEXT`, `CODE_TYPE_DESC`, `STATE`, `ORDER_NUM`, `IS_DEFAULT`, `CREATED_BY`, `UPDATED_BY`, `CREATE_TIME`, `UPDATE_TIME`) values('4f53fe1b-02ac-11e6-9337-3417ebe03fc9','ROLE_LEVEL','9','9','角色等级','0','8','0','admin','','2016-04-15 09:49:36',NULL);
insert into `base_dictionary` (`ID`, `CODE_TYPE`, `CODE_VALUE`, `CODE_TEXT`, `CODE_TYPE_DESC`, `STATE`, `ORDER_NUM`, `IS_DEFAULT`, `CREATED_BY`, `UPDATED_BY`, `CREATE_TIME`, `UPDATE_TIME`) values('4217296d-02ac-11e6-9337-3417ebe03fc9','ROLE_LEVEL','8','8','角色等级','0','7','0','admin','','2016-04-15 09:49:14',NULL);
insert into `base_dictionary` (`ID`, `CODE_TYPE`, `CODE_VALUE`, `CODE_TEXT`, `CODE_TYPE_DESC`, `STATE`, `ORDER_NUM`, `IS_DEFAULT`, `CREATED_BY`, `UPDATED_BY`, `CREATE_TIME`, `UPDATE_TIME`) values('360bafe8-02ac-11e6-9337-3417ebe03fc9','ROLE_LEVEL','7','7','角色等级','0','6','0','admin','','2016-04-15 09:48:54',NULL);
insert into `base_dictionary` (`ID`, `CODE_TYPE`, `CODE_VALUE`, `CODE_TEXT`, `CODE_TYPE_DESC`, `STATE`, `ORDER_NUM`, `IS_DEFAULT`, `CREATED_BY`, `UPDATED_BY`, `CREATE_TIME`, `UPDATE_TIME`) values('2f1c6e7e-02ac-11e6-9337-3417ebe03fc9','ROLE_LEVEL','6','6','角色等级','0','5','0','admin','','2016-04-15 09:48:42',NULL);
insert into `base_dictionary` (`ID`, `CODE_TYPE`, `CODE_VALUE`, `CODE_TEXT`, `CODE_TYPE_DESC`, `STATE`, `ORDER_NUM`, `IS_DEFAULT`, `CREATED_BY`, `UPDATED_BY`, `CREATE_TIME`, `UPDATE_TIME`) values('230d3a5e-02ac-11e6-9337-3417ebe03fc9','ROLE_LEVEL','5','5','角色等级','0','4','0','admin','','2016-04-15 09:48:22',NULL);
insert into `base_dictionary` (`ID`, `CODE_TYPE`, `CODE_VALUE`, `CODE_TEXT`, `CODE_TYPE_DESC`, `STATE`, `ORDER_NUM`, `IS_DEFAULT`, `CREATED_BY`, `UPDATED_BY`, `CREATE_TIME`, `UPDATE_TIME`) values('1817eb87-02ac-11e6-9337-3417ebe03fc9','ROLE_LEVEL','4','4','角色等级','0','3','0','admin','','2016-04-15 09:48:04',NULL);
insert into `base_dictionary` (`ID`, `CODE_TYPE`, `CODE_VALUE`, `CODE_TEXT`, `CODE_TYPE_DESC`, `STATE`, `ORDER_NUM`, `IS_DEFAULT`, `CREATED_BY`, `UPDATED_BY`, `CREATE_TIME`, `UPDATE_TIME`) values('9aaf505d-0129-11e6-bbb9-54ee756108e5','ROLE_LEVEL','3','3','角色等级','0','2','0','admin','admin','2016-04-13 11:41:28','2016-04-13 16:48:22');
insert into `base_dictionary` (`ID`, `CODE_TYPE`, `CODE_VALUE`, `CODE_TEXT`, `CODE_TYPE_DESC`, `STATE`, `ORDER_NUM`, `IS_DEFAULT`, `CREATED_BY`, `UPDATED_BY`, `CREATE_TIME`, `UPDATE_TIME`) values('81420c14-0129-11e6-bbb9-54ee756108e5','ROLE_LEVEL','2','2','角色等级','0','1','1','admin','admin','2016-04-13 11:40:46','2016-04-13 16:48:17');
insert into `base_dictionary` (`ID`, `CODE_TYPE`, `CODE_VALUE`, `CODE_TEXT`, `CODE_TYPE_DESC`, `STATE`, `ORDER_NUM`, `IS_DEFAULT`, `CREATED_BY`, `UPDATED_BY`, `CREATE_TIME`, `UPDATE_TIME`) values('7721a47b-0129-11e6-bbb9-54ee756108e5','ROLE_LEVEL','1','1','角色等级','0','0','0','admin','admin','2016-04-13 11:40:29','2016-04-13 16:48:08');
insert into `base_dictionary` (`ID`, `CODE_TYPE`, `CODE_VALUE`, `CODE_TEXT`, `CODE_TYPE_DESC`, `STATE`, `ORDER_NUM`, `IS_DEFAULT`, `CREATED_BY`, `UPDATED_BY`, `CREATE_TIME`, `UPDATE_TIME`) values('97c46ac7-bb55-12e5-b068-54ee744128e5','PARKING_FIELD_ICO_NO_V2_1','室外停车场空闲','ic_parklot_overground_green','室外停车场空闲图标','0','1','1','admin','admin','2016-04-12 18:19:16','2016-04-12 18:19:18');
insert into `base_dictionary` (`ID`, `CODE_TYPE`, `CODE_VALUE`, `CODE_TEXT`, `CODE_TYPE_DESC`, `STATE`, `ORDER_NUM`, `IS_DEFAULT`, `CREATED_BY`, `UPDATED_BY`, `CREATE_TIME`, `UPDATE_TIME`) values('97c46ac7-bb55-12e5-b068-54ee744598e5','PARKING_FIELD_ICO_NO_V2_1','室外停车场繁忙','ic_parklot_overground_red','室外停车场繁忙图标','0','1','1','admin','admin','2016-04-12 18:17:40','2016-04-12 18:17:43');
insert into `base_dictionary` (`ID`, `CODE_TYPE`, `CODE_VALUE`, `CODE_TEXT`, `CODE_TYPE_DESC`, `STATE`, `ORDER_NUM`, `IS_DEFAULT`, `CREATED_BY`, `UPDATED_BY`, `CREATE_TIME`, `UPDATE_TIME`) values('d414a170-ffd0-11e5-9337-3417ebe03fc9','PROCESS_ID','100','申诉处理结束','申诉处理进程ID','0','14','0','admin','','2016-04-11 18:33:28',NULL);
insert into `base_dictionary` (`ID`, `CODE_TYPE`, `CODE_VALUE`, `CODE_TEXT`, `CODE_TYPE_DESC`, `STATE`, `ORDER_NUM`, `IS_DEFAULT`, `CREATED_BY`, `UPDATED_BY`, `CREATE_TIME`, `UPDATE_TIME`) values('bf036bc0-ffd0-11e5-9337-3417ebe03fc9','PROCESS_ID','90','财务-运营经理','申诉处理进程ID','0','13','0','admin','','2016-04-11 18:32:52',NULL);
insert into `base_dictionary` (`ID`, `CODE_TYPE`, `CODE_VALUE`, `CODE_TEXT`, `CODE_TYPE_DESC`, `STATE`, `ORDER_NUM`, `IS_DEFAULT`, `CREATED_BY`, `UPDATED_BY`, `CREATE_TIME`, `UPDATE_TIME`) values('a7edb7bf-ffd0-11e5-9337-3417ebe03fc9','PROCESS_ID','80','运营经理-财务','申诉处理进程ID','0','12','0','admin','admin','2016-04-11 18:32:14','2016-04-11 18:32:24');
insert into `base_dictionary` (`ID`, `CODE_TYPE`, `CODE_VALUE`, `CODE_TEXT`, `CODE_TYPE_DESC`, `STATE`, `ORDER_NUM`, `IS_DEFAULT`, `CREATED_BY`, `UPDATED_BY`, `CREATE_TIME`, `UPDATE_TIME`) values('952a3e1f-ffd0-11e5-9337-3417ebe03fc9','PROCESS_ID','70','运营经理-财务','申诉处理进程ID','0','11','0','admin','','2016-04-11 18:31:42',NULL);
insert into `base_dictionary` (`ID`, `CODE_TYPE`, `CODE_VALUE`, `CODE_TEXT`, `CODE_TYPE_DESC`, `STATE`, `ORDER_NUM`, `IS_DEFAULT`, `CREATED_BY`, `UPDATED_BY`, `CREATE_TIME`, `UPDATE_TIME`) values('6988738b-ffd0-11e5-9337-3417ebe03fc9','PROCESS_ID','60','运营经理-软件','申诉处理进程ID','0','10','0','admin','','2016-04-11 18:30:29',NULL);
insert into `base_dictionary` (`ID`, `CODE_TYPE`, `CODE_VALUE`, `CODE_TEXT`, `CODE_TYPE_DESC`, `STATE`, `ORDER_NUM`, `IS_DEFAULT`, `CREATED_BY`, `UPDATED_BY`, `CREATE_TIME`, `UPDATE_TIME`) values('56d12e4e-ffd0-11e5-9337-3417ebe03fc9','PROCESS_ID','50','运营经理-运营','申诉处理进程ID','0','9','0','admin','','2016-04-11 18:29:57',NULL);
insert into `base_dictionary` (`ID`, `CODE_TYPE`, `CODE_VALUE`, `CODE_TEXT`, `CODE_TYPE_DESC`, `STATE`, `ORDER_NUM`, `IS_DEFAULT`, `CREATED_BY`, `UPDATED_BY`, `CREATE_TIME`, `UPDATE_TIME`) values('3fc60341-ffd0-11e5-9337-3417ebe03fc9','PROCESS_ID','40','客服-运营经理','申诉处理进程ID','0','8','0','admin','','2016-04-11 18:29:19',NULL);
insert into `base_dictionary` (`ID`, `CODE_TYPE`, `CODE_VALUE`, `CODE_TEXT`, `CODE_TYPE_DESC`, `STATE`, `ORDER_NUM`, `IS_DEFAULT`, `CREATED_BY`, `UPDATED_BY`, `CREATE_TIME`, `UPDATE_TIME`) values('2a591719-ffd0-11e5-9337-3417ebe03fc9','PROCESS_ID','30','客服-硬件','申诉处理进程ID','0','7','0','admin','','2016-04-11 18:28:43',NULL);
insert into `base_dictionary` (`ID`, `CODE_TYPE`, `CODE_VALUE`, `CODE_TEXT`, `CODE_TYPE_DESC`, `STATE`, `ORDER_NUM`, `IS_DEFAULT`, `CREATED_BY`, `UPDATED_BY`, `CREATE_TIME`, `UPDATE_TIME`) values('1126a44f-ffd0-11e5-9337-3417ebe03fc9','PROCESS_ID','20','客服-软件','申诉处理进程ID','0','6','0','admin','','2016-04-11 18:28:01',NULL);
insert into `base_dictionary` (`ID`, `CODE_TYPE`, `CODE_VALUE`, `CODE_TEXT`, `CODE_TYPE_DESC`, `STATE`, `ORDER_NUM`, `IS_DEFAULT`, `CREATED_BY`, `UPDATED_BY`, `CREATE_TIME`, `UPDATE_TIME`) values('fd4da6b5-ffcf-11e5-9337-3417ebe03fc9','PROCESS_ID','10','客服-运营','申诉处理进程ID','0','5','0','admin','','2016-04-11 18:27:27',NULL);
insert into `base_dictionary` (`ID`, `CODE_TYPE`, `CODE_VALUE`, `CODE_TEXT`, `CODE_TYPE_DESC`, `STATE`, `ORDER_NUM`, `IS_DEFAULT`, `CREATED_BY`, `UPDATED_BY`, `CREATE_TIME`, `UPDATE_TIME`) values('e6cd0c04-ffcf-11e5-9337-3417ebe03fc9','PROCESS_ID','4','硬件-客服','申诉处理进程ID','0','4','0','admin','','2016-04-11 18:26:50',NULL);
insert into `base_dictionary` (`ID`, `CODE_TYPE`, `CODE_VALUE`, `CODE_TEXT`, `CODE_TYPE_DESC`, `STATE`, `ORDER_NUM`, `IS_DEFAULT`, `CREATED_BY`, `UPDATED_BY`, `CREATE_TIME`, `UPDATE_TIME`) values('d2a4e214-ffcf-11e5-9337-3417ebe03fc9','PROCESS_ID','3','软件-客服','申诉处理进程ID','0','3','0','admin','','2016-04-11 18:26:16',NULL);
insert into `base_dictionary` (`ID`, `CODE_TYPE`, `CODE_VALUE`, `CODE_TEXT`, `CODE_TYPE_DESC`, `STATE`, `ORDER_NUM`, `IS_DEFAULT`, `CREATED_BY`, `UPDATED_BY`, `CREATE_TIME`, `UPDATE_TIME`) values('9b4ab0e6-ffcf-11e5-9337-3417ebe03fc9','PROCESS_ID','2','运营-客服','申诉处理进程ID','0','2','0','admin','','2016-04-11 18:24:43',NULL);
insert into `base_dictionary` (`ID`, `CODE_TYPE`, `CODE_VALUE`, `CODE_TEXT`, `CODE_TYPE_DESC`, `STATE`, `ORDER_NUM`, `IS_DEFAULT`, `CREATED_BY`, `UPDATED_BY`, `CREATE_TIME`, `UPDATE_TIME`) values('82fa5e58-ffcf-11e5-9337-3417ebe03fc9','PROCESS_ID','1','用户/客服提交','申诉处理进程ID','0','1','1','admin','','2016-04-11 18:24:02',NULL);
insert into `base_dictionary` (`ID`, `CODE_TYPE`, `CODE_VALUE`, `CODE_TEXT`, `CODE_TYPE_DESC`, `STATE`, `ORDER_NUM`, `IS_DEFAULT`, `CREATED_BY`, `UPDATED_BY`, `CREATE_TIME`, `UPDATE_TIME`) values('84ecb80f-fd57-11e5-9337-3417ebe03fc9','PARK_STATE','3','历史记录','停车收费状态','0','2','0','admin','','2016-04-08 15:00:03',NULL);
insert into `base_dictionary` (`ID`, `CODE_TYPE`, `CODE_VALUE`, `CODE_TEXT`, `CODE_TYPE_DESC`, `STATE`, `ORDER_NUM`, `IS_DEFAULT`, `CREATED_BY`, `UPDATED_BY`, `CREATE_TIME`, `UPDATE_TIME`) values('74f9952f-fd57-11e5-9337-3417ebe03fc9','PARK_STATE','2','欠费记录','停车收费状态','0','1','0','admin','','2016-04-08 14:59:37',NULL);
insert into `base_dictionary` (`ID`, `CODE_TYPE`, `CODE_VALUE`, `CODE_TEXT`, `CODE_TYPE_DESC`, `STATE`, `ORDER_NUM`, `IS_DEFAULT`, `CREATED_BY`, `UPDATED_BY`, `CREATE_TIME`, `UPDATE_TIME`) values('5244d84b-fd57-11e5-9337-3417ebe03fc9','PARK_STATE','1','正在停车','停车收费状态','0','0','1','admin','','2016-04-08 14:58:38',NULL);
insert into `base_dictionary` (`ID`, `CODE_TYPE`, `CODE_VALUE`, `CODE_TEXT`, `CODE_TYPE_DESC`, `STATE`, `ORDER_NUM`, `IS_DEFAULT`, `CREATED_BY`, `UPDATED_BY`, `CREATE_TIME`, `UPDATE_TIME`) values('5e6cc700-fcaf-11e5-9337-3417ebe03fc9','RESOURCE_TYPE','2','文字','资源类型','0','2','0','admin','','2016-04-07 18:56:23',NULL);
insert into `base_dictionary` (`ID`, `CODE_TYPE`, `CODE_VALUE`, `CODE_TEXT`, `CODE_TYPE_DESC`, `STATE`, `ORDER_NUM`, `IS_DEFAULT`, `CREATED_BY`, `UPDATED_BY`, `CREATE_TIME`, `UPDATE_TIME`) values('50fc7fa6-fcaf-11e5-9337-3417ebe03fc9','RESOURCE_TYPE','1','图片','资源类型','0','1','1','admin','','2016-04-07 18:56:01',NULL);
insert into `base_dictionary` (`ID`, `CODE_TYPE`, `CODE_VALUE`, `CODE_TEXT`, `CODE_TYPE_DESC`, `STATE`, `ORDER_NUM`, `IS_DEFAULT`, `CREATED_BY`, `UPDATED_BY`, `CREATE_TIME`, `UPDATE_TIME`) values('815d5126-faed-11e5-9337-3417ebe03fc9','resourceSize','small','小','资源尺寸','0','2','0','admin','','2016-04-05 13:16:08',NULL);
insert into `base_dictionary` (`ID`, `CODE_TYPE`, `CODE_VALUE`, `CODE_TEXT`, `CODE_TYPE_DESC`, `STATE`, `ORDER_NUM`, `IS_DEFAULT`, `CREATED_BY`, `UPDATED_BY`, `CREATE_TIME`, `UPDATE_TIME`) values('6e155b4a-faed-11e5-9337-3417ebe03fc9','resourceSize','middle','中','资源尺寸','0','1','0','admin','','2016-04-05 13:15:36',NULL);
insert into `base_dictionary` (`ID`, `CODE_TYPE`, `CODE_VALUE`, `CODE_TEXT`, `CODE_TYPE_DESC`, `STATE`, `ORDER_NUM`, `IS_DEFAULT`, `CREATED_BY`, `UPDATED_BY`, `CREATE_TIME`, `UPDATE_TIME`) values('41167f29-fae2-11e5-9337-3417ebe03fc9','resourceSize','large','大','资源尺寸','0','0','1','admin','','2016-04-05 11:55:36',NULL);
insert into `base_dictionary` (`ID`, `CODE_TYPE`, `CODE_VALUE`, `CODE_TEXT`, `CODE_TYPE_DESC`, `STATE`, `ORDER_NUM`, `IS_DEFAULT`, `CREATED_BY`, `UPDATED_BY`, `CREATE_TIME`, `UPDATE_TIME`) values('78556426-fadf-11e5-9337-3417ebe03fc9','resource_apptype','2','IOS版好停车APP','应用类型','0','1','0','admin','admin','2016-04-05 11:35:40','2016-04-11 11:28:21');
insert into `base_dictionary` (`ID`, `CODE_TYPE`, `CODE_VALUE`, `CODE_TEXT`, `CODE_TYPE_DESC`, `STATE`, `ORDER_NUM`, `IS_DEFAULT`, `CREATED_BY`, `UPDATED_BY`, `CREATE_TIME`, `UPDATE_TIME`) values('6732089a-fadf-11e5-9337-3417ebe03fc9','resource_apptype','1','ANDROID版好停车APP','应用类型','0','0','1','admin','','2016-04-05 11:35:12',NULL);
insert into `base_dictionary` (`ID`, `CODE_TYPE`, `CODE_VALUE`, `CODE_TEXT`, `CODE_TYPE_DESC`, `STATE`, `ORDER_NUM`, `IS_DEFAULT`, `CREATED_BY`, `UPDATED_BY`, `CREATE_TIME`, `UPDATE_TIME`) values('0d309d7a-eca9-11e5-9337-3417ebe03fc9','FEEDBACK_TYPE','3','其他问题','反馈问题类型','0','2','0','admin','','2016-03-18 09:30:51',NULL);
insert into `base_dictionary` (`ID`, `CODE_TYPE`, `CODE_VALUE`, `CODE_TEXT`, `CODE_TYPE_DESC`, `STATE`, `ORDER_NUM`, `IS_DEFAULT`, `CREATED_BY`, `UPDATED_BY`, `CREATE_TIME`, `UPDATE_TIME`) values('ff9f5d6e-eca8-11e5-9337-3417ebe03fc9','FEEDBACK_TYPE','2','诱导问题','反馈问题类型','0','1','0','admin','','2016-03-18 09:30:29',NULL);
insert into `base_dictionary` (`ID`, `CODE_TYPE`, `CODE_VALUE`, `CODE_TEXT`, `CODE_TYPE_DESC`, `STATE`, `ORDER_NUM`, `IS_DEFAULT`, `CREATED_BY`, `UPDATED_BY`, `CREATE_TIME`, `UPDATE_TIME`) values('e045ba5c-eca8-11e5-9337-3417ebe03fc9','FEEDBACK_TYPE','1','缴费问题','反馈问题类型','0','0','1','admin','','2016-03-18 09:29:36',NULL);
insert into `base_dictionary` (`ID`, `CODE_TYPE`, `CODE_VALUE`, `CODE_TEXT`, `CODE_TYPE_DESC`, `STATE`, `ORDER_NUM`, `IS_DEFAULT`, `CREATED_BY`, `UPDATED_BY`, `CREATE_TIME`, `UPDATE_TIME`) values('c7f07e34-e9d6-11e5-a701-3417ebe03fc9','PUSH_RANGE','4','全部业主','推送范围','0','3','0','admin','','2016-03-14 19:20:39',NULL);
insert into `base_dictionary` (`ID`, `CODE_TYPE`, `CODE_VALUE`, `CODE_TEXT`, `CODE_TYPE_DESC`, `STATE`, `ORDER_NUM`, `IS_DEFAULT`, `CREATED_BY`, `UPDATED_BY`, `CREATE_TIME`, `UPDATE_TIME`) values('ba931a03-e9d6-11e5-a701-3417ebe03fc9','PUSH_RANGE','3','全部用户','推送范围','0','2','0','admin','','2016-03-14 19:20:16',NULL);
insert into `base_dictionary` (`ID`, `CODE_TYPE`, `CODE_VALUE`, `CODE_TEXT`, `CODE_TYPE_DESC`, `STATE`, `ORDER_NUM`, `IS_DEFAULT`, `CREATED_BY`, `UPDATED_BY`, `CREATE_TIME`, `UPDATE_TIME`) values('a90c9b57-e9d6-11e5-a701-3417ebe03fc9','PUSH_RANGE','2','全部停车场管理员','推送范围','0','1','0','admin','','2016-03-14 19:19:47',NULL);
insert into `base_dictionary` (`ID`, `CODE_TYPE`, `CODE_VALUE`, `CODE_TEXT`, `CODE_TYPE_DESC`, `STATE`, `ORDER_NUM`, `IS_DEFAULT`, `CREATED_BY`, `UPDATED_BY`, `CREATE_TIME`, `UPDATE_TIME`) values('9882bdf8-e9d6-11e5-a701-3417ebe03fc9','PUSH_RANGE','1','全部系统管理员','推送范围','0','0','1','admin','','2016-03-14 19:19:19',NULL);
insert into `base_dictionary` (`ID`, `CODE_TYPE`, `CODE_VALUE`, `CODE_TEXT`, `CODE_TYPE_DESC`, `STATE`, `ORDER_NUM`, `IS_DEFAULT`, `CREATED_BY`, `UPDATED_BY`, `CREATE_TIME`, `UPDATE_TIME`) values('73d8c0fb-e9d6-11e5-a701-3417ebe03fc9','MESSAGE_TYPE','3','规则','消息类型','0','2','0','admin','','2016-03-14 19:18:18',NULL);
insert into `base_dictionary` (`ID`, `CODE_TYPE`, `CODE_VALUE`, `CODE_TEXT`, `CODE_TYPE_DESC`, `STATE`, `ORDER_NUM`, `IS_DEFAULT`, `CREATED_BY`, `UPDATED_BY`, `CREATE_TIME`, `UPDATE_TIME`) values('69277579-e9d6-11e5-a701-3417ebe03fc9','MESSAGE_TYPE','2','公告','消息类型','0','1','0','admin','','2016-03-14 19:18:00',NULL);
insert into `base_dictionary` (`ID`, `CODE_TYPE`, `CODE_VALUE`, `CODE_TEXT`, `CODE_TYPE_DESC`, `STATE`, `ORDER_NUM`, `IS_DEFAULT`, `CREATED_BY`, `UPDATED_BY`, `CREATE_TIME`, `UPDATE_TIME`) values('5aef42ee-e9d6-11e5-a701-3417ebe03fc9','MESSAGE_TYPE','1','活动','消息类型','0','0','1','admin','','2016-03-14 19:17:36',NULL);
insert into `base_dictionary` (`ID`, `CODE_TYPE`, `CODE_VALUE`, `CODE_TEXT`, `CODE_TYPE_DESC`, `STATE`, `ORDER_NUM`, `IS_DEFAULT`, `CREATED_BY`, `UPDATED_BY`, `CREATE_TIME`, `UPDATE_TIME`) values('8483cbf2-e8f2-11e5-a701-3417ebe03fc9','PAY_METHOD','100','全部','支付方式','0','4','0','admin','','2016-03-13 16:06:40',NULL);
insert into `base_dictionary` (`ID`, `CODE_TYPE`, `CODE_VALUE`, `CODE_TEXT`, `CODE_TYPE_DESC`, `STATE`, `ORDER_NUM`, `IS_DEFAULT`, `CREATED_BY`, `UPDATED_BY`, `CREATE_TIME`, `UPDATE_TIME`) values('660a9aac-e8d3-11e5-a701-3417ebe03fc9','PREFERENTIAL_TYPE','2','折扣','优惠类型','0','2','1','admin','','2016-03-13 12:23:55',NULL);
insert into `base_dictionary` (`ID`, `CODE_TYPE`, `CODE_VALUE`, `CODE_TEXT`, `CODE_TYPE_DESC`, `STATE`, `ORDER_NUM`, `IS_DEFAULT`, `CREATED_BY`, `UPDATED_BY`, `CREATE_TIME`, `UPDATE_TIME`) values('51f10528-e8d3-11e5-a701-3417ebe03fc9','PREFERENTIAL_TYPE','1','优惠券','优惠类型','0','1','0','admin','','2016-03-13 12:23:21',NULL);
insert into `base_dictionary` (`ID`, `CODE_TYPE`, `CODE_VALUE`, `CODE_TEXT`, `CODE_TYPE_DESC`, `STATE`, `ORDER_NUM`, `IS_DEFAULT`, `CREATED_BY`, `UPDATED_BY`, `CREATE_TIME`, `UPDATE_TIME`) values('c0e30009-e8d2-11e5-a701-3417ebe03fc9','ACTIVITY_TYPE','3','全部','活动类型','0','3','0','admin','','2016-03-13 12:19:18',NULL);
insert into `base_dictionary` (`ID`, `CODE_TYPE`, `CODE_VALUE`, `CODE_TEXT`, `CODE_TYPE_DESC`, `STATE`, `ORDER_NUM`, `IS_DEFAULT`, `CREATED_BY`, `UPDATED_BY`, `CREATE_TIME`, `UPDATE_TIME`) values('b4014dd4-e8d2-11e5-a701-3417ebe03fc9','ACTIVITY_TYPE','2','预约停车','活动类型','0','2','0','admin','','2016-03-13 12:18:56',NULL);
insert into `base_dictionary` (`ID`, `CODE_TYPE`, `CODE_VALUE`, `CODE_TEXT`, `CODE_TYPE_DESC`, `STATE`, `ORDER_NUM`, `IS_DEFAULT`, `CREATED_BY`, `UPDATED_BY`, `CREATE_TIME`, `UPDATE_TIME`) values('9ebb1426-e8d2-11e5-a701-3417ebe03fc9','ACTIVITY_TYPE','1','普通停车','活动类型','0','1','1','admin','','2016-03-13 12:18:20',NULL);
insert into `base_dictionary` (`ID`, `CODE_TYPE`, `CODE_VALUE`, `CODE_TEXT`, `CODE_TYPE_DESC`, `STATE`, `ORDER_NUM`, `IS_DEFAULT`, `CREATED_BY`, `UPDATED_BY`, `CREATE_TIME`, `UPDATE_TIME`) values('6a951a65-e8d2-11e5-a701-3417ebe03fc9','ACTIVITY_STATUS','1','在线','活动状态','0','2','0','admin','','2016-03-13 12:16:53',NULL);
insert into `base_dictionary` (`ID`, `CODE_TYPE`, `CODE_VALUE`, `CODE_TEXT`, `CODE_TYPE_DESC`, `STATE`, `ORDER_NUM`, `IS_DEFAULT`, `CREATED_BY`, `UPDATED_BY`, `CREATE_TIME`, `UPDATE_TIME`) values('5de01587-e8d2-11e5-a701-3417ebe03fc9','ACTIVITY_STATUS','0','下线','活动状态','0','1','1','admin','','2016-03-13 12:16:32',NULL);
insert into `base_dictionary` (`ID`, `CODE_TYPE`, `CODE_VALUE`, `CODE_TEXT`, `CODE_TYPE_DESC`, `STATE`, `ORDER_NUM`, `IS_DEFAULT`, `CREATED_BY`, `UPDATED_BY`, `CREATE_TIME`, `UPDATE_TIME`) values('e8db8101-e728-11e5-a701-3417ebe03fc9','IS_REFUND','500','退款失败','是否有退款','0','1','1','admin','','2016-03-11 09:30:59',NULL);
insert into `base_dictionary` (`ID`, `CODE_TYPE`, `CODE_VALUE`, `CODE_TEXT`, `CODE_TYPE_DESC`, `STATE`, `ORDER_NUM`, `IS_DEFAULT`, `CREATED_BY`, `UPDATED_BY`, `CREATE_TIME`, `UPDATE_TIME`) values('da45cc7a-e728-11e5-a701-3417ebe03fc9','IS_REFUND','200','退款成功','是否有退款','0','0','0','admin','','2016-03-11 09:30:35',NULL);
insert into `base_dictionary` (`ID`, `CODE_TYPE`, `CODE_VALUE`, `CODE_TEXT`, `CODE_TYPE_DESC`, `STATE`, `ORDER_NUM`, `IS_DEFAULT`, `CREATED_BY`, `UPDATED_BY`, `CREATE_TIME`, `UPDATE_TIME`) values('308b438c-e603-11e5-a701-3417ebe03fc9','PARKRECORD_STATUS','2','未停车','停车记录状态','0','2','0','admin','','2016-03-09 22:28:27',NULL);
insert into `base_dictionary` (`ID`, `CODE_TYPE`, `CODE_VALUE`, `CODE_TEXT`, `CODE_TYPE_DESC`, `STATE`, `ORDER_NUM`, `IS_DEFAULT`, `CREATED_BY`, `UPDATED_BY`, `CREATE_TIME`, `UPDATE_TIME`) values('203134be-e603-11e5-a701-3417ebe03fc9','PARKRECORD_STATUS','1','驶离','停车记录状态','0','1','0','admin','','2016-03-09 22:28:00',NULL);
insert into `base_dictionary` (`ID`, `CODE_TYPE`, `CODE_VALUE`, `CODE_TEXT`, `CODE_TYPE_DESC`, `STATE`, `ORDER_NUM`, `IS_DEFAULT`, `CREATED_BY`, `UPDATED_BY`, `CREATE_TIME`, `UPDATE_TIME`) values('09b16ebb-e603-11e5-a701-3417ebe03fc9','PARKRECORD_STATUS','0','未驶离','停车记录状态','0','0','1','admin','','2016-03-09 22:27:22',NULL);
--菜单新增的数据
insert into `base_module` (`ID`, `MODULE_NAME`, `MODULE_DESC`, `MODULE_URL`, `PARENT_ID`, `ORDER_NUM`, `ICONCLS`, `MODULE_LEVEL`, `ACTIONS`, `SUPER_ADMIN`, `CREATED_BY`, `UPDATED_BY`, `CREATE_TIME`, `UPDATE_TIME`) values('576cd7eb-fe01-11e5-9337-3417ebe03fc9','微信原始交易账单','微信原始交易账单','/weixpaylistOriginal/list.action','58a6f75d-f725-11e5-9337-3417ebe03fc9','2','ext-icon-table_multiple','1','dataList.do','1','admin','admin','2016-04-09 11:15:41','2016-04-09 11:16:21');
insert into `base_module` (`ID`, `MODULE_NAME`, `MODULE_DESC`, `MODULE_URL`, `PARENT_ID`, `ORDER_NUM`, `ICONCLS`, `MODULE_LEVEL`, `ACTIONS`, `SUPER_ADMIN`, `CREATED_BY`, `UPDATED_BY`, `CREATE_TIME`, `UPDATE_TIME`) values('103eda88-fad6-11e5-9337-3417ebe03fc9','资源管理','资源配置管理','/resource/list.action','135','3','ext-icon-shape_move_forwards','1','dataList.do','0','admin','','2016-04-05 10:28:20',NULL);
insert into `base_module` (`ID`, `MODULE_NAME`, `MODULE_DESC`, `MODULE_URL`, `PARENT_ID`, `ORDER_NUM`, `ICONCLS`, `MODULE_LEVEL`, `ACTIONS`, `SUPER_ADMIN`, `CREATED_BY`, `UPDATED_BY`, `CREATE_TIME`, `UPDATE_TIME`) values('58a6f75d-f725-11e5-9337-3417ebe03fc9','统计报表','统计报表','#','0','8','ext-icon-chart_bar','0','#','0','admin','','2016-03-31 17:45:47',NULL);
insert into `base_module` (`ID`, `MODULE_NAME`, `MODULE_DESC`, `MODULE_URL`, `PARENT_ID`, `ORDER_NUM`, `ICONCLS`, `MODULE_LEVEL`, `ACTIONS`, `SUPER_ADMIN`, `CREATED_BY`, `UPDATED_BY`, `CREATE_TIME`, `UPDATE_TIME`) values('660ef6fe-f489-11e5-9337-3417ebe03fc9','运营统计','运营统计','/statDaily/list.action','58a6f75d-f725-11e5-9337-3417ebe03fc9','8','ext-icon-shape_align_bottom','1','dataList.do','0','admin','admin','2016-03-28 10:04:26','2016-03-31 17:46:24');
insert into `base_module` (`ID`, `MODULE_NAME`, `MODULE_DESC`, `MODULE_URL`, `PARENT_ID`, `ORDER_NUM`, `ICONCLS`, `MODULE_LEVEL`, `ACTIONS`, `SUPER_ADMIN`, `CREATED_BY`, `UPDATED_BY`, `CREATE_TIME`, `UPDATE_TIME`) values('9c59e1ce-e8c9-11e5-a701-3417ebe03fc9','支付方式折扣配置','支付方式折扣配置','/activityDiscountConf/list.action','128','1','ext-icon-cog','1','dataList.do','0','admin','admin','2016-03-13 11:13:51','2016-03-13 11:18:25');
insert into `base_module` (`ID`, `MODULE_NAME`, `MODULE_DESC`, `MODULE_URL`, `PARENT_ID`, `ORDER_NUM`, `ICONCLS`, `MODULE_LEVEL`, `ACTIONS`, `SUPER_ADMIN`, `CREATED_BY`, `UPDATED_BY`, `CREATE_TIME`, `UPDATE_TIME`) values('3239f91a-e8c8-11e5-a701-3417ebe03fc9','停车记录','停车记录详情','/orderParkrecord/list.action','134','7','ext-icon-car_add','1','dataList.do','1','admin','','2016-03-13 11:03:43',NULL);
insert into `base_module` (`ID`, `MODULE_NAME`, `MODULE_DESC`, `MODULE_URL`, `PARENT_ID`, `ORDER_NUM`, `ICONCLS`, `MODULE_LEVEL`, `ACTIONS`, `SUPER_ADMIN`, `CREATED_BY`, `UPDATED_BY`, `CREATE_TIME`, `UPDATE_TIME`) values('f8bb2f56-e756-11e5-a701-3417ebe03fc9','退款记录','退款记录详情','/orderRefund/list.action','134','6','ext-icon-money_yen','1','dataList.do','0','admin','','2016-03-11 15:00:43',NULL);
insert into `base_module` (`ID`, `MODULE_NAME`, `MODULE_DESC`, `MODULE_URL`, `PARENT_ID`, `ORDER_NUM`, `ICONCLS`, `MODULE_LEVEL`, `ACTIONS`, `SUPER_ADMIN`, `CREATED_BY`, `UPDATED_BY`, `CREATE_TIME`, `UPDATE_TIME`) values('fb5ff632-e1ad-11e5-a701-3417ebe03fc9','支付订单详情','支付订单详情','/order/list.action','134','5','ext-icon-book','1','dataList.do','0','admin','admin','2016-03-04 10:08:26','2016-03-11 15:02:10');

--菜单按钮新增数据
insert into `base_module_btn` (`ID`, `MODULE_ID`, `BTN_NAME`, `BTN_TYPE`, `ACTION_URLS`) values('104a5175-fad6-11e5-9337-3417ebe03fc9','103eda88-fad6-11e5-9337-3417ebe03fc9','修改','edit','save.do|getId.do');
insert into `base_module_btn` (`ID`, `MODULE_ID`, `BTN_NAME`, `BTN_TYPE`, `ACTION_URLS`) values('10554497-fad6-11e5-9337-3417ebe03fc9','103eda88-fad6-11e5-9337-3417ebe03fc9','删除','remove','delete.do');
insert into `base_module_btn` (`ID`, `MODULE_ID`, `BTN_NAME`, `BTN_TYPE`, `ACTION_URLS`) values('1060eb54-fad6-11e5-9337-3417ebe03fc9','103eda88-fad6-11e5-9337-3417ebe03fc9','增加','add','save.do');
insert into `base_module_btn` (`ID`, `MODULE_ID`, `BTN_NAME`, `BTN_TYPE`, `ACTION_URLS`) values('9c618be8-e8c9-11e5-a701-3417ebe03fc9','9c59e1ce-e8c9-11e5-a701-3417ebe03fc9','修改','edit','save.do|getId.do');
insert into `base_module_btn` (`ID`, `MODULE_ID`, `BTN_NAME`, `BTN_TYPE`, `ACTION_URLS`) values('9c67e6b8-e8c9-11e5-a701-3417ebe03fc9','9c59e1ce-e8c9-11e5-a701-3417ebe03fc9','删除','remove','delete.do');
insert into `base_module_btn` (`ID`, `MODULE_ID`, `BTN_NAME`, `BTN_TYPE`, `ACTION_URLS`) values('9c6e45f4-e8c9-11e5-a701-3417ebe03fc9','9c59e1ce-e8c9-11e5-a701-3417ebe03fc9','增加','add','save.do');
insert into `base_module_btn` (`ID`, `MODULE_ID`, `BTN_NAME`, `BTN_TYPE`, `ACTION_URLS`) values('3242da9b-e8c8-11e5-a701-3417ebe03fc9','3239f91a-e8c8-11e5-a701-3417ebe03fc9','修改','edit','save.do|getId.do');
insert into `base_module_btn` (`ID`, `MODULE_ID`, `BTN_NAME`, `BTN_TYPE`, `ACTION_URLS`) values('324a87a1-e8c8-11e5-a701-3417ebe03fc9','3239f91a-e8c8-11e5-a701-3417ebe03fc9','删除','remove','delete.do');
insert into `base_module_btn` (`ID`, `MODULE_ID`, `BTN_NAME`, `BTN_TYPE`, `ACTION_URLS`) values('3250e48f-e8c8-11e5-a701-3417ebe03fc9','3239f91a-e8c8-11e5-a701-3417ebe03fc9','增加','add','save.do');
insert into `base_module_btn` (`ID`, `MODULE_ID`, `BTN_NAME`, `BTN_TYPE`, `ACTION_URLS`) values('f8ccf0c5-e756-11e5-a701-3417ebe03fc9','f8bb2f56-e756-11e5-a701-3417ebe03fc9','修改','edit','save.do|getId.do');
insert into `base_module_btn` (`ID`, `MODULE_ID`, `BTN_NAME`, `BTN_TYPE`, `ACTION_URLS`) values('f8d71085-e756-11e5-a701-3417ebe03fc9','f8bb2f56-e756-11e5-a701-3417ebe03fc9','删除','remove','delete.do');
insert into `base_module_btn` (`ID`, `MODULE_ID`, `BTN_NAME`, `BTN_TYPE`, `ACTION_URLS`) values('f8debb91-e756-11e5-a701-3417ebe03fc9','f8bb2f56-e756-11e5-a701-3417ebe03fc9','增加','add','save.do');
insert into `base_module_btn` (`ID`, `MODULE_ID`, `BTN_NAME`, `BTN_TYPE`, `ACTION_URLS`) values('fb689f3f-e1ad-11e5-a701-3417ebe03fc9','fb5ff632-e1ad-11e5-a701-3417ebe03fc9','修改','edit','save.do|getId.do');
insert into `base_module_btn` (`ID`, `MODULE_ID`, `BTN_NAME`, `BTN_TYPE`, `ACTION_URLS`) values('fb7035a7-e1ad-11e5-a701-3417ebe03fc9','fb5ff632-e1ad-11e5-a701-3417ebe03fc9','删除','remove','delete.do');
insert into `base_module_btn` (`ID`, `MODULE_ID`, `BTN_NAME`, `BTN_TYPE`, `ACTION_URLS`) values('fb77ccdd-e1ad-11e5-a701-3417ebe03fc9','fb5ff632-e1ad-11e5-a701-3417ebe03fc9','增加','add','save.do');
insert into `base_module_btn` (`ID`, `MODULE_ID`, `BTN_NAME`, `BTN_TYPE`, `ACTION_URLS`) values('122d55bf-0224-11e6-9337-3417ebe03fc9','006a8edc-b90b-11e5-a701-3417ebe03fc9','停车记录详情','detail','getDetail.do');
insert into `base_module_btn` (`ID`, `MODULE_ID`, `BTN_NAME`, `BTN_TYPE`, `ACTION_URLS`) values('421c3467-ffd2-11e5-9337-3417ebe03fc9','006a8edc-b90b-11e5-a701-3417ebe03fc9','流程处理','viewProcess','submitProcessSuggestion.do|getId.do|getProcessLog.do');

/***
 DELETE FROM app_user_ext WHERE user_id IN (SELECT id FROM app_user WHERE USER_ACCOUNT='13617006687');
 DELETE FROM app_user_car  WHERE user_id IN (SELECT id FROM app_user WHERE USER_ACCOUNT='13617006687');
 DELETE FROM app_user_login  WHERE user_id IN (SELECT id FROM app_user WHERE USER_ACCOUNT='13617006687');
 DELETE FROM app_user_login_record WHERE user_id IN (SELECT id FROM app_user WHERE USER_ACCOUNT='13617006687');
 DELETE FROM app_user_message WHERE user_id IN (SELECT id FROM app_user WHERE USER_ACCOUNT='13617006687');
 DELETE FROM app_user WHERE USER_ACCOUNT='13617006687'; 
*/